/*
SQLyog Ultimate v11.11 (64 bit)
MySQL - 5.7.18-0ubuntu0.16.04.1 : Database - wecode
*********************************************************************
*/

/*!40101 SET NAMES utf8 */;

/*!40101 SET SQL_MODE=''*/;

/*!40014 SET @OLD_UNIQUE_CHECKS=@@UNIQUE_CHECKS, UNIQUE_CHECKS=0 */;
/*!40014 SET @OLD_FOREIGN_KEY_CHECKS=@@FOREIGN_KEY_CHECKS, FOREIGN_KEY_CHECKS=0 */;
/*!40101 SET @OLD_SQL_MODE=@@SQL_MODE, SQL_MODE='NO_AUTO_VALUE_ON_ZERO' */;
/*!40111 SET @OLD_SQL_NOTES=@@SQL_NOTES, SQL_NOTES=0 */;
CREATE DATABASE /*!32312 IF NOT EXISTS*/`wecode` /*!40100 DEFAULT CHARACTER SET latin1 */;

USE `wecode`;

/*Data for the table `shj_assignments` */

insert  into `shj_assignments`(`id`,`name`,`problems`,`total_submits`,`open`,`scoreboard`,`javaexceptions`,`description`,`start_time`,`finish_time`,`extra_time`,`late_rule`,`participants`,`moss_update`) values (1,'Problem1',13,31,1,1,0,'','2017-05-01 00:00:00','2017-05-31 00:00:00',0,'/* \n * Put coefficient (from 100) in variable $coefficient.\n * You can use variables $extra_time and $delay.\n * $extra_time is the total extra time given to users\n * (in seconds) and $delay is number of seconds passed\n * from finish time (can be negative).\n *  In this example, $extra_time is 172800 (2 days):\n */\n\nif ($delay<=0)\n  // no delay\n  $coefficient = 100;\n\nelseif ($delay<=3600)\n  // delay less than 1 hour\n  $coefficient = ceil(100-((30*$delay)/3600));\n\nelseif ($delay<=86400)\n  // delay more than 1 hour and less than 1 day\n  $coefficient = 70;\n\nelseif (($delay-86400)<=3600)\n  // delay less than 1 hour in second day\n  $coefficient = ceil(70-((20*($delay-86400))/3600));\n\nelseif (($delay-86400)<=86400)\n  // delay more than 1 hour in second day\n  $coefficient = 50;\n\nelseif ($delay > $extra_time)\n  // too late\n  $coefficient = 0;','ALL','Never');

/*Data for the table `shj_baitaploai` */

insert  into `shj_baitaploai`(`btl_id`,`baitap_id`,`loaibt_id`) values (1,'1','1'),(2,'2','1'),(3,'3','1'),(4,'4','1'),(5,'5','2'),(6,'6','2'),(7,'7','2'),(8,'8','2'),(9,'9','3'),(10,'10','3'),(11,'1','2'),(12,'2','3'),(13,'4','1'),(14,'5','3'),(15,'6','1'),(16,'7','1'),(17,'8','2'),(18,'9','2'),(19,'10','2'),(20,'14','2');

/*Data for the table `shj_competition` */

/*Data for the table `shj_dsloaibt` */

insert  into `shj_dsloaibt`(`loaibt_id`,`loaibt_name`) values (1,'array'),(2,'string'),(3,'database'),(5,'thien khuhng'),(6,'adsfasd'),(7,'thien khung'),(8,'thien khung'),(9,'thien khung'),(10,'www'),(11,'rrrr'),(12,'adsf');

/*Data for the table `shj_notifications` */

/*Data for the table `shj_problems` */

insert  into `shj_problems`(`assignment`,`id`,`name`,`difficulty`,`score`,`is_upload_only`,`c_time_limit`,`python_time_limit`,`java_time_limit`,`memory_limit`,`allowed_languages`,`diff_cmd`,`diff_arg`) values (1,1,'Problem 1','',1000,0,500,1500,2000,50000,'C++','diff','-bB'),(1,2,'Problem 2','',100,0,500,1500,2000,50000,'C++','diff','-bB'),(1,3,'Problem 3','',100,0,500,1500,2000,50000,'C++','diff','-bB'),(1,4,'Problem 4','',100,0,500,1500,2000,50000,'C++','diff','-bB'),(1,5,'Problem 5','',100,0,500,1500,2000,50000,'C++','diff','-bB'),(1,6,'Problem 6','',100,0,500,1500,2000,50000,'C++','diff','-bB'),(1,7,'Problem 7','',100,0,500,1500,2000,50000,'C++','diff','-bB'),(1,8,'Problem 8','',100,0,500,1500,2000,50000,'C++','diff','-bB'),(1,9,'Problem 9','',100,0,500,1500,2000,50000,'C++','diff','-bB'),(1,10,'Problem 10','',100,0,500,1500,2000,50000,'C++','diff','-bB'),(1,11,'Problem 11','',100,0,500,1500,2000,50000,'C++','diff','-bB'),(1,12,'Problem 12','',100,0,500,1500,2000,50000,'C++','diff','-bB'),(1,13,'Problem 13','',100,0,500,1500,2000,50000,'C++','diff','-bB'),(1,14,'r234234','Easy',123,0,123,123,2134,124131,'C++','diff','-bB');

/*Data for the table `shj_queue` */

/*Data for the table `shj_scoreboard` */

insert  into `shj_scoreboard`(`assignment`,`scoreboard`) values (1,'<table class=\"sharif_table\"><thead><tr><th>#</th><th>Username</th><th>Name</th><th><a dir=\"auto\" href=\"http://wecode.dev/index.php/problems/1/1\">Problem 1</a><br><span class=\"tiny_text_b\">1000</span></th><th><a dir=\"auto\" href=\"http://wecode.dev/index.php/problems/1/2\">Problem 2</a><br><span class=\"tiny_text_b\">100</span></th><th><a dir=\"auto\" href=\"http://wecode.dev/index.php/problems/1/3\">Problem 3</a><br><span class=\"tiny_text_b\">100</span></th><th><a dir=\"auto\" href=\"http://wecode.dev/index.php/problems/1/4\">Problem 4</a><br><span class=\"tiny_text_b\">100</span></th><th><a dir=\"auto\" href=\"http://wecode.dev/index.php/problems/1/5\">Problem 5</a><br><span class=\"tiny_text_b\">100</span></th><th><a dir=\"auto\" href=\"http://wecode.dev/index.php/problems/1/6\">Problem 6</a><br><span class=\"tiny_text_b\">100</span></th><th><a dir=\"auto\" href=\"http://wecode.dev/index.php/problems/1/7\">Problem 7</a><br><span class=\"tiny_text_b\">100</span></th><th><a dir=\"auto\" href=\"http://wecode.dev/index.php/problems/1/8\">Problem 8</a><br><span class=\"tiny_text_b\">100</span></th><th><a dir=\"auto\" href=\"http://wecode.dev/index.php/problems/1/9\">Problem 9</a><br><span class=\"tiny_text_b\">100</span></th><th><a dir=\"auto\" href=\"http://wecode.dev/index.php/problems/1/10\">Problem 10</a><br><span class=\"tiny_text_b\">100</span></th><th><a dir=\"auto\" href=\"http://wecode.dev/index.php/problems/1/11\">Problem 11</a><br><span class=\"tiny_text_b\">100</span></th><th><a dir=\"auto\" href=\"http://wecode.dev/index.php/problems/1/12\">Problem 12</a><br><span class=\"tiny_text_b\">100</span></th><th><a dir=\"auto\" href=\"http://wecode.dev/index.php/problems/1/13\">Problem 13</a><br><span class=\"tiny_text_b\">100</span></th><th><a dir=\"auto\" href=\"http://wecode.dev/index.php/problems/1/14\">r234234</a><br><span class=\"tiny_text_b\">123</span></th><th>\n			Total<br><span class=\"tiny_text_b\">2323</span></th></tr></thead><tr><td>1</td><td>thiennh</td><td dir=\"auto\"></td><td><span style=\"color:red\">\n					100*\n							</span></br><span class=\"tiny_text shj_o\" title=\"Delay time\" >471:55**</span></td><td>\n					-\n			</td><td><span style=\"color:red\">\n					0*\n							</span></br><span class=\"tiny_text\" title=\"Time\">300:40</span></td><td>\n					-\n			</td><td><span style=\"color:red\">\n					0*\n							</span></br><span class=\"tiny_text\" title=\"Time\">300:46</span></td><td>\n					-\n			</td><td>\n					-\n			</td><td>\n					-\n			</td><td>\n					-\n			</td><td>\n					-\n			</td><td>\n					-\n			</td><td>\n					-\n			</td><td>\n					-\n			</td><td>\n					-\n			</td><td><span style=\"font-weight: bold;\">100</span><br><span class=\"tiny_text\" title=\"Total Time + Submit Penalty\">1794:01</span></td></tr><tr><td>2</td><td>user1</td><td dir=\"auto\">user1</td><td><span style=\"color:red\">\n					0*\n							</span></br><span class=\"tiny_text\" title=\"Time\">331:39</span></td><td><span style=\"color:red\">\n					0*\n							</span></br><span class=\"tiny_text\" title=\"Time\">331:39</span></td><td><span style=\"color:red\">\n					0*\n							</span></br><span class=\"tiny_text\" title=\"Time\">331:40</span></td><td>\n					-\n			</td><td><span style=\"color:red\">\n					0*\n							</span></br><span class=\"tiny_text\" title=\"Time\">331:40</span></td><td><span style=\"color:red\">\n					0*\n							</span></br><span class=\"tiny_text\" title=\"Time\">331:40</span></td><td>\n					-\n			</td><td>\n					-\n			</td><td>\n					-\n			</td><td>\n					-\n			</td><td>\n					-\n			</td><td>\n					-\n			</td><td>\n					-\n			</td><td>\n					-\n			</td><td><span style=\"font-weight: bold;\">0</span><br><span class=\"tiny_text\" title=\"Total Time + Submit Penalty\">1658:46</span></td></tr></table>\n*: Not full mark\n<br/>\n**: Delay time');

/*Data for the table `shj_sessions` */

insert  into `shj_sessions`(`session_id`,`ip_address`,`user_agent`,`last_activity`,`user_data`) values ('0685b36883d5fbbcf95d2ecd68ec61ca','127.0.0.1','Mozilla/5.0 (X11; Linux x86_64) AppleWebKit/537.36 (KHTML, like Gecko) Chrome/58.0.3029.110 Safari/537.36',1495430678,'a:2:{s:8:\"username\";s:7:\"thiennh\";s:9:\"logged_in\";s:1:\"1\";}'),('076f2d12bee5e978cec3cb70f21b781f','127.0.0.1','Mozilla/5.0 (X11; Linux x86_64) AppleWebKit/537.36 (KHTML, like Gecko) Chrome/58.0.3029.81 Safari/537.36',1493800936,'a:2:{s:8:\"username\";s:7:\"thiennh\";s:9:\"logged_in\";s:1:\"1\";}'),('121eb7535b66fd6e75761e7a50e6eba5','127.0.0.1','Mozilla/5.0 (X11; Linux x86_64) AppleWebKit/537.36 (KHTML, like Gecko) Chrome/58.0.3029.81 Safari/537.36',1494044764,'a:2:{s:8:\"username\";s:7:\"thiennh\";s:9:\"logged_in\";s:1:\"1\";}'),('1874c9ff05c1a9ef1c1ebe98082c89ba','127.0.0.1','Mozilla/5.0 (X11; Linux x86_64) AppleWebKit/537.36 (KHTML, like Gecko) Chrome/58.0.3029.110 Safari/537.36',1497916607,'a:2:{s:8:\"username\";s:7:\"thiennh\";s:9:\"logged_in\";s:1:\"1\";}'),('204a3b725765395ec343f7b50a2bb0ad','127.0.0.1','Mozilla/5.0 (X11; Linux x86_64) AppleWebKit/537.36 (KHTML, like Gecko) Chrome/58.0.3029.81 Safari/537.36',1493344948,'a:2:{s:8:\"username\";s:7:\"thiennh\";s:9:\"logged_in\";s:1:\"1\";}'),('27766bc9532f63fc06f66f7b7ab3b8ac','127.0.0.1','Mozilla/5.0 (X11; Linux x86_64) AppleWebKit/537.36 (KHTML, like Gecko) Chrome/58.0.3029.81 Safari/537.36',1494153165,'a:2:{s:8:\"username\";s:7:\"thiennh\";s:9:\"logged_in\";s:1:\"1\";}'),('30228b1364a13411f2f0ae62910b2d49','127.0.0.1','Mozilla/5.0 (X11; Linux x86_64) AppleWebKit/537.36 (KHTML, like Gecko) Chrome/58.0.3029.81 Safari/537.36',1493869728,''),('31d5fbc2d7c0ab95140683aadab3378b','127.0.0.1','Mozilla/5.0 (X11; Linux x86_64) AppleWebKit/537.36 (KHTML, like Gecko) Chrome/58.0.3029.81 Safari/537.36',1493791922,'a:2:{s:8:\"username\";s:7:\"thiennh\";s:9:\"logged_in\";s:1:\"1\";}'),('32a96b7e4fd3ee5fc94346ff6203e547','127.0.0.1','Mozilla/5.0 (X11; Linux x86_64) AppleWebKit/537.36 (KHTML, like Gecko) Chrome/58.0.3029.81 Safari/537.36',1493767562,''),('32e721eb966a0e95f46413017ce9d1a0','127.0.0.1','Mozilla/5.0 (X11; Linux x86_64) AppleWebKit/537.36 (KHTML, like Gecko) Chrome/58.0.3029.81 Safari/537.36',1494630012,'a:2:{s:8:\"username\";s:7:\"thiennh\";s:9:\"logged_in\";s:1:\"1\";}'),('345522026d95c472e723ffefec9fca01','127.0.0.1','Mozilla/5.0 (X11; Linux x86_64) AppleWebKit/537.36 (KHTML, like Gecko) Chrome/58.0.3029.110 Safari/537.36',1497849476,'a:2:{s:8:\"username\";s:7:\"thiennh\";s:9:\"logged_in\";s:1:\"1\";}'),('46936fd0a635ded579b6c9ed7847aab7','127.0.0.1','Mozilla/5.0 (X11; Linux x86_64) AppleWebKit/537.36 (KHTML, like Gecko) Chrome/57.0.2987.133 Safari/537.36',1492768891,'a:2:{s:8:\"username\";s:7:\"thiennh\";s:9:\"logged_in\";s:1:\"1\";}'),('4986cd397925d1557e07f53f0e3818fb','127.0.0.1','Mozilla/5.0 (X11; Linux x86_64) AppleWebKit/537.36 (KHTML, like Gecko) Chrome/58.0.3029.81 Safari/537.36',1494548200,'a:2:{s:8:\"username\";s:7:\"thiennh\";s:9:\"logged_in\";s:1:\"1\";}'),('4e8908aba2f7c7cc63f42e2972d3207d','127.0.0.1','Mozilla/5.0 (X11; Linux x86_64) AppleWebKit/537.36 (KHTML, like Gecko) Chrome/57.0.2987.133 Safari/537.36',1492593582,'a:2:{s:8:\"username\";s:7:\"thiennh\";s:9:\"logged_in\";s:1:\"1\";}'),('557e4464e12e5c4d099b63673739e4f5','127.0.0.1','Mozilla/5.0 (X11; Linux x86_64) AppleWebKit/537.36 (KHTML, like Gecko) Chrome/58.0.3029.81 Safari/537.36',1493874614,'a:2:{s:8:\"username\";s:7:\"thiennh\";s:9:\"logged_in\";s:1:\"1\";}'),('561c7bbf08aed97199b66cdd48992c62','127.0.0.1','Mozilla/5.0 (X11; Linux x86_64) AppleWebKit/537.36 (KHTML, like Gecko) Chrome/58.0.3029.110 Safari/537.36',1496172358,''),('73a947449431389cf8d8123e5a750a1a','127.0.0.1','Mozilla/5.0 (X11; Linux x86_64) AppleWebKit/537.36 (KHTML, like Gecko) Chrome/57.0.2987.133 Safari/537.36',1493086321,''),('7599a87ab03c849116f37a1e5d573467','127.0.0.1','Mozilla/5.0 (X11; Linux x86_64) AppleWebKit/537.36 (KHTML, like Gecko) Chrome/58.0.3029.81 Safari/537.36',1494105456,'a:2:{s:8:\"username\";s:7:\"thiennh\";s:9:\"logged_in\";s:1:\"1\";}'),('764d8d7e7730b1c673465f4373310b1b','127.0.0.1','Mozilla/5.0 (X11; Linux x86_64) AppleWebKit/537.36 (KHTML, like Gecko) Chrome/57.0.2987.133 Safari/537.36',1492742506,'a:2:{s:8:\"username\";s:7:\"thiennh\";s:9:\"logged_in\";s:1:\"1\";}'),('83888dda6772f4898ffcf33b64d0f96c','127.0.0.1','Mozilla/5.0 (X11; Linux x86_64) AppleWebKit/537.36 (KHTML, like Gecko) Chrome/58.0.3029.110 Safari/537.36',1495403823,'a:2:{s:8:\"username\";s:7:\"thiennh\";s:9:\"logged_in\";s:1:\"1\";}'),('8786bf6ef0f7f8a08815b1d32010f612','127.0.0.1','Mozilla/5.0 (X11; Linux x86_64) AppleWebKit/537.36 (KHTML, like Gecko) Chrome/58.0.3029.81 Safari/537.36',1494032512,'a:2:{s:8:\"username\";s:7:\"thiennh\";s:9:\"logged_in\";s:1:\"1\";}'),('8e1c771f661d23800cd6e7f4adbd8815','127.0.0.1','Mozilla/5.0 (X11; Linux x86_64) AppleWebKit/537.36 (KHTML, like Gecko) Chrome/58.0.3029.81 Safari/537.36',1493872771,'a:2:{s:8:\"username\";s:7:\"thiennh\";s:9:\"logged_in\";s:1:\"1\";}'),('919f58f9a4472fbf4d87363ae8d8d4d3','127.0.0.1','Mozilla/5.0 (X11; Linux x86_64) AppleWebKit/537.36 (KHTML, like Gecko) Chrome/57.0.2987.133 Safari/537.36',1493093849,'a:2:{s:8:\"username\";s:7:\"thiennh\";s:9:\"logged_in\";s:1:\"1\";}'),('95fc026cfda3863d3db11ed9a2dde649','127.0.0.1','Mozilla/5.0 (X11; Linux x86_64) AppleWebKit/537.36 (KHTML, like Gecko) Chrome/58.0.3029.110 Safari/537.36',1496454564,''),('a14a3f949ac9176b2fc5d684e47249ef','127.0.0.1','Mozilla/5.0 (X11; Linux x86_64) AppleWebKit/537.36 (KHTML, like Gecko) Chrome/58.0.3029.81 Safari/537.36',1494742996,'a:2:{s:8:\"username\";s:5:\"user1\";s:9:\"logged_in\";s:1:\"1\";}'),('a48cea53dd9c8d3c3284d5a02e7693b9','127.0.0.1','Mozilla/5.0 (X11; Linux x86_64) AppleWebKit/537.36 (KHTML, like Gecko) Chrome/58.0.3029.110 Safari/537.36',1494988994,'a:2:{s:8:\"username\";s:7:\"thiennh\";s:9:\"logged_in\";s:1:\"1\";}'),('a64c801e4e613a78488d61f6bbd54b99','127.0.0.1','Mozilla/5.0 (X11; Linux x86_64) AppleWebKit/537.36 (KHTML, like Gecko) Chrome/58.0.3029.81 Safari/537.36',1493770204,'a:2:{s:8:\"username\";s:7:\"thiennh\";s:9:\"logged_in\";s:1:\"1\";}'),('abcd73674e525fe91aac4d8e3155244a','127.0.0.1','Mozilla/5.0 (X11; Linux x86_64) AppleWebKit/537.36 (KHTML, like Gecko) Chrome/58.0.3029.81 Safari/537.36',1493775816,'a:2:{s:8:\"username\";s:7:\"thiennh\";s:9:\"logged_in\";s:1:\"1\";}'),('ad07c4a40a26c52d8f71ad060dfec094','127.0.0.1','Mozilla/5.0 (X11; Linux x86_64) AppleWebKit/537.36 (KHTML, like Gecko) Chrome/58.0.3029.81 Safari/537.36',1493766469,'a:2:{s:8:\"username\";s:7:\"thiennh\";s:9:\"logged_in\";s:1:\"1\";}'),('adb97afb530f063488f8da569ebf6782','127.0.0.1','Mozilla/5.0 (X11; Linux x86_64) AppleWebKit/537.36 (KHTML, like Gecko) Chrome/58.0.3029.81 Safari/537.36',1493872836,'a:2:{s:8:\"username\";s:7:\"thiennh\";s:9:\"logged_in\";s:1:\"1\";}'),('ae8d1b585e0227f6c0bc1d7f60d982f0','127.0.0.1','Mozilla/5.0 (X11; Linux x86_64) AppleWebKit/537.36 (KHTML, like Gecko) Chrome/58.0.3029.110 Safari/537.36',1497906586,'a:2:{s:8:\"username\";s:7:\"thiennh\";s:9:\"logged_in\";s:1:\"1\";}'),('b80fc6ce36469207e70b58c3091174d9','127.0.0.1','Mozilla/5.0 (X11; Linux x86_64) AppleWebKit/537.36 (KHTML, like Gecko) Chrome/58.0.3029.81 Safari/537.36',1494966190,'a:2:{s:8:\"username\";s:7:\"thiennh\";s:9:\"logged_in\";s:1:\"1\";}'),('ba7858485921ad0d1be6bae8f863f413','127.0.0.1','Mozilla/5.0 (X11; Linux x86_64) AppleWebKit/537.36 (KHTML, like Gecko) Chrome/58.0.3029.81 Safari/537.36',1494963214,''),('cb52d424ffba98fd1058906302f3f96b','127.0.0.1','Mozilla/5.0 (X11; Linux x86_64) AppleWebKit/537.36 (KHTML, like Gecko) Chrome/58.0.3029.81 Safari/537.36',1494039426,''),('d78d16a9e96951e363c0ae5adb035bde','127.0.0.1','Mozilla/5.0 (X11; Linux x86_64) AppleWebKit/537.36 (KHTML, like Gecko) Chrome/58.0.3029.110 Safari/537.36',1495256655,''),('d8432172c0b1dc9cf2c05c8e6c050270','127.0.0.1','Mozilla/5.0 (X11; Linux x86_64) AppleWebKit/537.36 (KHTML, like Gecko) Chrome/58.0.3029.81 Safari/537.36',1494066746,'a:2:{s:8:\"username\";s:7:\"thiennh\";s:9:\"logged_in\";s:1:\"1\";}'),('d8b5cf74510a8c59a83bf2b526c6cb7a','127.0.0.1','Mozilla/5.0 (X11; Linux x86_64) AppleWebKit/537.36 (KHTML, like Gecko) Chrome/57.0.2987.133 Safari/537.36',1493173700,'a:2:{s:8:\"username\";s:7:\"thiennh\";s:9:\"logged_in\";s:1:\"1\";}'),('e492bf2134115a6a5075f80f14ef4418','127.0.0.1','Mozilla/5.0 (X11; Linux x86_64) AppleWebKit/537.36 (KHTML, like Gecko) Chrome/57.0.2987.133 Safari/537.36',1492738346,''),('f92d3039592c3afd3282f2d92692d3f0','127.0.0.1','Mozilla/5.0 (X11; Linux x86_64) AppleWebKit/537.36 (KHTML, like Gecko) Chrome/58.0.3029.81 Safari/537.36',1494546541,'a:2:{s:8:\"username\";s:7:\"thiennh\";s:9:\"logged_in\";s:1:\"1\";}');

/*Data for the table `shj_settings` */

insert  into `shj_settings`(`shj_key`,`shj_value`) values ('site_name','Wecode Judge'),('timezone','Asia/Ho_Chi_Minh'),('tester_path','/var/www/html/wecode/tester'),('assignments_root','/var/www/html/wecode/assignments'),('file_size_limit','50'),('output_size_limit','1024'),('queue_is_working','0'),('default_late_rule','/* \n * Put coefficient (from 100) in variable $coefficient.\n * You can use variables $extra_time and $delay.\n * $extra_time is the total extra time given to users\n * (in seconds) and $delay is number of seconds passed\n * from finish time (can be negative).\n *  In this example, $extra_time is 172800 (2 days):\n */\n\nif ($delay<=0)\n  // no delay\n  $coefficient = 100;\n\nelseif ($delay<=3600)\n  // delay less than 1 hour\n  $coefficient = ceil(100-((30*$delay)/3600));\n\nelseif ($delay<=86400)\n  // delay more than 1 hour and less than 1 day\n  $coefficient = 70;\n\nelseif (($delay-86400)<=3600)\n  // delay less than 1 hour in second day\n  $coefficient = ceil(70-((20*($delay-86400))/3600));\n\nelseif (($delay-86400)<=86400)\n  // delay more than 1 hour in second day\n  $coefficient = 50;\n\nelseif ($delay > $extra_time)\n  // too late\n  $coefficient = 0;'),('enable_easysandbox','1'),('enable_c_shield','1'),('enable_cpp_shield','1'),('enable_py2_shield','1'),('enable_py3_shield','1'),('enable_java_policy','1'),('enable_log','1'),('submit_penalty','300'),('enable_registration','0'),('registration_code','0'),('mail_from','wcj@example.com'),('mail_from_name','Wecode Judge'),('reset_password_mail','<p>\nSomeone requested a password reset for your {SITE_NAME} Wecode Judge account at {SITE_URL}.\n</p>\n<p>\nTo change your password, visit this link:\n</p>\n<p>\n<a href=\"{RESET_LINK}\">Reset Password</a>\n</p>\n<p>\nThe link is valid for {VALID_TIME}. If you don\'t want to change your password, just ignore this email.\n</p>'),('add_user_mail','<p>\nHello! You are registered in {SITE_NAME} Wecode Judge at {SITE_URL} as {ROLE}.\n</p>\n<p>\nYour username: {USERNAME}\n</p>\n<p>\nYour password: {PASSWORD}\n</p>\n<p>\nYou can log in at <a href=\"{LOGIN_URL}\">{LOGIN_URL}</a>\n</p>'),('moss_userid',''),('results_per_page_all','40'),('results_per_page_final','80'),('week_start','1'),('site_name','Wecode Judge'),('timezone','Asia/Ho_Chi_Minh'),('tester_path','/var/www/html/wecode/tester'),('assignments_root','/var/www/html/wecode/assignments'),('file_size_limit','50'),('output_size_limit','1024'),('queue_is_working','0'),('default_late_rule','/* \n * Put coefficient (from 100) in variable $coefficient.\n * You can use variables $extra_time and $delay.\n * $extra_time is the total extra time given to users\n * (in seconds) and $delay is number of seconds passed\n * from finish time (can be negative).\n *  In this example, $extra_time is 172800 (2 days):\n */\n\nif ($delay<=0)\n  // no delay\n  $coefficient = 100;\n\nelseif ($delay<=3600)\n  // delay less than 1 hour\n  $coefficient = ceil(100-((30*$delay)/3600));\n\nelseif ($delay<=86400)\n  // delay more than 1 hour and less than 1 day\n  $coefficient = 70;\n\nelseif (($delay-86400)<=3600)\n  // delay less than 1 hour in second day\n  $coefficient = ceil(70-((20*($delay-86400))/3600));\n\nelseif (($delay-86400)<=86400)\n  // delay more than 1 hour in second day\n  $coefficient = 50;\n\nelseif ($delay > $extra_time)\n  // too late\n  $coefficient = 0;'),('enable_easysandbox','1'),('enable_c_shield','1'),('enable_cpp_shield','1'),('enable_py2_shield','1'),('enable_py3_shield','1'),('enable_java_policy','1'),('enable_log','1'),('submit_penalty','300'),('enable_registration','0'),('registration_code','0'),('mail_from','wcj@example.com'),('mail_from_name','Wecode Judge'),('reset_password_mail','<p>\nSomeone requested a password reset for your {SITE_NAME} Wecode Judge account at {SITE_URL}.\n</p>\n<p>\nTo change your password, visit this link:\n</p>\n<p>\n<a href=\"{RESET_LINK}\">Reset Password</a>\n</p>\n<p>\nThe link is valid for {VALID_TIME}. If you don\'t want to change your password, just ignore this email.\n</p>'),('add_user_mail','<p>\nHello! You are registered in {SITE_NAME} Wecode Judge at {SITE_URL} as {ROLE}.\n</p>\n<p>\nYour username: {USERNAME}\n</p>\n<p>\nYour password: {PASSWORD}\n</p>\n<p>\nYou can log in at <a href=\"{LOGIN_URL}\">{LOGIN_URL}</a>\n</p>'),('moss_userid',''),('results_per_page_all','40'),('results_per_page_final','80'),('week_start','1'),('site_name','Wecode Judge'),('timezone','Asia/Ho_Chi_Minh'),('tester_path','/var/www/html/wecode/tester'),('assignments_root','/var/www/html/wecode/assignments'),('file_size_limit','50'),('output_size_limit','1024'),('queue_is_working','0'),('default_late_rule','/* \n * Put coefficient (from 100) in variable $coefficient.\n * You can use variables $extra_time and $delay.\n * $extra_time is the total extra time given to users\n * (in seconds) and $delay is number of seconds passed\n * from finish time (can be negative).\n *  In this example, $extra_time is 172800 (2 days):\n */\n\nif ($delay<=0)\n  // no delay\n  $coefficient = 100;\n\nelseif ($delay<=3600)\n  // delay less than 1 hour\n  $coefficient = ceil(100-((30*$delay)/3600));\n\nelseif ($delay<=86400)\n  // delay more than 1 hour and less than 1 day\n  $coefficient = 70;\n\nelseif (($delay-86400)<=3600)\n  // delay less than 1 hour in second day\n  $coefficient = ceil(70-((20*($delay-86400))/3600));\n\nelseif (($delay-86400)<=86400)\n  // delay more than 1 hour in second day\n  $coefficient = 50;\n\nelseif ($delay > $extra_time)\n  // too late\n  $coefficient = 0;'),('enable_easysandbox','1'),('enable_c_shield','1'),('enable_cpp_shield','1'),('enable_py2_shield','1'),('enable_py3_shield','1'),('enable_java_policy','1'),('enable_log','1'),('submit_penalty','300'),('enable_registration','0'),('registration_code','0'),('mail_from','wcj@example.com'),('mail_from_name','Wecode Judge'),('reset_password_mail','<p>\nSomeone requested a password reset for your {SITE_NAME} Wecode Judge account at {SITE_URL}.\n</p>\n<p>\nTo change your password, visit this link:\n</p>\n<p>\n<a href=\"{RESET_LINK}\">Reset Password</a>\n</p>\n<p>\nThe link is valid for {VALID_TIME}. If you don\'t want to change your password, just ignore this email.\n</p>'),('add_user_mail','<p>\nHello! You are registered in {SITE_NAME} Wecode Judge at {SITE_URL} as {ROLE}.\n</p>\n<p>\nYour username: {USERNAME}\n</p>\n<p>\nYour password: {PASSWORD}\n</p>\n<p>\nYou can log in at <a href=\"{LOGIN_URL}\">{LOGIN_URL}</a>\n</p>'),('moss_userid',''),('results_per_page_all','40'),('results_per_page_final','80'),('week_start','1'),('site_name','Wecode Judge'),('timezone','Asia/Ho_Chi_Minh'),('tester_path','/var/www/html/wecode/tester'),('assignments_root','/var/www/html/wecode/assignments'),('file_size_limit','50'),('output_size_limit','1024'),('queue_is_working','0'),('default_late_rule','/* \n * Put coefficient (from 100) in variable $coefficient.\n * You can use variables $extra_time and $delay.\n * $extra_time is the total extra time given to users\n * (in seconds) and $delay is number of seconds passed\n * from finish time (can be negative).\n *  In this example, $extra_time is 172800 (2 days):\n */\n\nif ($delay<=0)\n  // no delay\n  $coefficient = 100;\n\nelseif ($delay<=3600)\n  // delay less than 1 hour\n  $coefficient = ceil(100-((30*$delay)/3600));\n\nelseif ($delay<=86400)\n  // delay more than 1 hour and less than 1 day\n  $coefficient = 70;\n\nelseif (($delay-86400)<=3600)\n  // delay less than 1 hour in second day\n  $coefficient = ceil(70-((20*($delay-86400))/3600));\n\nelseif (($delay-86400)<=86400)\n  // delay more than 1 hour in second day\n  $coefficient = 50;\n\nelseif ($delay > $extra_time)\n  // too late\n  $coefficient = 0;'),('enable_easysandbox','1'),('enable_c_shield','1'),('enable_cpp_shield','1'),('enable_py2_shield','1'),('enable_py3_shield','1'),('enable_java_policy','1'),('enable_log','1'),('submit_penalty','300'),('enable_registration','0'),('registration_code','0'),('mail_from','wcj@example.com'),('mail_from_name','Wecode Judge'),('reset_password_mail','<p>\nSomeone requested a password reset for your {SITE_NAME} Wecode Judge account at {SITE_URL}.\n</p>\n<p>\nTo change your password, visit this link:\n</p>\n<p>\n<a href=\"{RESET_LINK}\">Reset Password</a>\n</p>\n<p>\nThe link is valid for {VALID_TIME}. If you don\'t want to change your password, just ignore this email.\n</p>'),('add_user_mail','<p>\nHello! You are registered in {SITE_NAME} Wecode Judge at {SITE_URL} as {ROLE}.\n</p>\n<p>\nYour username: {USERNAME}\n</p>\n<p>\nYour password: {PASSWORD}\n</p>\n<p>\nYou can log in at <a href=\"{LOGIN_URL}\">{LOGIN_URL}</a>\n</p>'),('moss_userid',''),('results_per_page_all','40'),('results_per_page_final','80'),('week_start','1'),('site_name','Wecode Judge'),('timezone','Asia/Ho_Chi_Minh'),('tester_path','/var/www/html/wecode/tester'),('assignments_root','/var/www/html/wecode/assignments'),('file_size_limit','50'),('output_size_limit','1024'),('queue_is_working','0'),('default_late_rule','/* \n * Put coefficient (from 100) in variable $coefficient.\n * You can use variables $extra_time and $delay.\n * $extra_time is the total extra time given to users\n * (in seconds) and $delay is number of seconds passed\n * from finish time (can be negative).\n *  In this example, $extra_time is 172800 (2 days):\n */\n\nif ($delay<=0)\n  // no delay\n  $coefficient = 100;\n\nelseif ($delay<=3600)\n  // delay less than 1 hour\n  $coefficient = ceil(100-((30*$delay)/3600));\n\nelseif ($delay<=86400)\n  // delay more than 1 hour and less than 1 day\n  $coefficient = 70;\n\nelseif (($delay-86400)<=3600)\n  // delay less than 1 hour in second day\n  $coefficient = ceil(70-((20*($delay-86400))/3600));\n\nelseif (($delay-86400)<=86400)\n  // delay more than 1 hour in second day\n  $coefficient = 50;\n\nelseif ($delay > $extra_time)\n  // too late\n  $coefficient = 0;'),('enable_easysandbox','1'),('enable_c_shield','1'),('enable_cpp_shield','1'),('enable_py2_shield','1'),('enable_py3_shield','1'),('enable_java_policy','1'),('enable_log','1'),('submit_penalty','300'),('enable_registration','0'),('registration_code','0'),('mail_from','wcj@example.com'),('mail_from_name','Wecode Judge'),('reset_password_mail','<p>\nSomeone requested a password reset for your {SITE_NAME} Wecode Judge account at {SITE_URL}.\n</p>\n<p>\nTo change your password, visit this link:\n</p>\n<p>\n<a href=\"{RESET_LINK}\">Reset Password</a>\n</p>\n<p>\nThe link is valid for {VALID_TIME}. If you don\'t want to change your password, just ignore this email.\n</p>'),('add_user_mail','<p>\nHello! You are registered in {SITE_NAME} Wecode Judge at {SITE_URL} as {ROLE}.\n</p>\n<p>\nYour username: {USERNAME}\n</p>\n<p>\nYour password: {PASSWORD}\n</p>\n<p>\nYou can log in at <a href=\"{LOGIN_URL}\">{LOGIN_URL}</a>\n</p>'),('moss_userid',''),('results_per_page_all','40'),('results_per_page_final','80'),('week_start','1'),('site_name','Wecode Judge'),('timezone','Asia/Ho_Chi_Minh'),('tester_path','/var/www/html/wecode/tester'),('assignments_root','/var/www/html/wecode/assignments'),('file_size_limit','50'),('output_size_limit','1024'),('queue_is_working','0'),('default_late_rule','/* \n * Put coefficient (from 100) in variable $coefficient.\n * You can use variables $extra_time and $delay.\n * $extra_time is the total extra time given to users\n * (in seconds) and $delay is number of seconds passed\n * from finish time (can be negative).\n *  In this example, $extra_time is 172800 (2 days):\n */\n\nif ($delay<=0)\n  // no delay\n  $coefficient = 100;\n\nelseif ($delay<=3600)\n  // delay less than 1 hour\n  $coefficient = ceil(100-((30*$delay)/3600));\n\nelseif ($delay<=86400)\n  // delay more than 1 hour and less than 1 day\n  $coefficient = 70;\n\nelseif (($delay-86400)<=3600)\n  // delay less than 1 hour in second day\n  $coefficient = ceil(70-((20*($delay-86400))/3600));\n\nelseif (($delay-86400)<=86400)\n  // delay more than 1 hour in second day\n  $coefficient = 50;\n\nelseif ($delay > $extra_time)\n  // too late\n  $coefficient = 0;'),('enable_easysandbox','1'),('enable_c_shield','1'),('enable_cpp_shield','1'),('enable_py2_shield','1'),('enable_py3_shield','1'),('enable_java_policy','1'),('enable_log','1'),('submit_penalty','300'),('enable_registration','0'),('registration_code','0'),('mail_from','wcj@example.com'),('mail_from_name','Wecode Judge'),('reset_password_mail','<p>\nSomeone requested a password reset for your {SITE_NAME} Wecode Judge account at {SITE_URL}.\n</p>\n<p>\nTo change your password, visit this link:\n</p>\n<p>\n<a href=\"{RESET_LINK}\">Reset Password</a>\n</p>\n<p>\nThe link is valid for {VALID_TIME}. If you don\'t want to change your password, just ignore this email.\n</p>'),('add_user_mail','<p>\nHello! You are registered in {SITE_NAME} Wecode Judge at {SITE_URL} as {ROLE}.\n</p>\n<p>\nYour username: {USERNAME}\n</p>\n<p>\nYour password: {PASSWORD}\n</p>\n<p>\nYou can log in at <a href=\"{LOGIN_URL}\">{LOGIN_URL}</a>\n</p>'),('moss_userid',''),('results_per_page_all','40'),('results_per_page_final','80'),('week_start','1');

/*Data for the table `shj_submissions` */

insert  into `shj_submissions`(`submit_id`,`username`,`assignment`,`problem`,`is_final`,`time`,`status`,`pre_score`,`coefficient`,`file_name`,`main_file_name`,`file_type`) values (19,'thiennh',1,1,0,'2017-05-13 12:07:54','Compilation Error',0,'100','solution-19','solution','cpp'),(20,'thiennh',1,3,1,'2017-05-13 12:40:13','Compilation Error',0,'100','solution-20','solution','cpp'),(21,'thiennh',1,5,1,'2017-05-13 12:46:03','Compilation Error',0,'100','344-21','344','cpp'),(22,'user1',1,2,1,'2017-05-14 19:39:41','Compilation Error',0,'100','solution-22','solution','cpp'),(23,'user1',1,1,1,'2017-05-14 19:39:54','Compilation Error',0,'100','solution-23','solution','cpp'),(24,'user1',1,3,1,'2017-05-14 19:40:12','Compilation Error',0,'100','solution-24','solution','cpp'),(25,'user1',1,5,1,'2017-05-14 19:40:31','Compilation Error',0,'100','344-25','344','cpp'),(26,'user1',1,6,1,'2017-05-14 19:40:49','Compilation Error',0,'100','350-26','350','cpp'),(27,'thiennh',1,1,0,'2017-05-22 18:59:34','Compilation Error',0,'100','solution-27','solution','cpp'),(28,'thiennh',1,1,0,'2017-05-22 19:01:05','Compilation Error',0,'100','solution-28','solution','cpp'),(29,'thiennh',1,1,1,'2017-06-19 15:55:15','SCORE',1000,'100','solution-29','solution','cpp'),(30,'thiennh',1,3,0,'2017-06-19 16:59:49','File Format Not Supported',0,'100','solution-30','solution','0'),(31,'thiennh',1,3,0,'2017-06-19 17:00:08','SCORE',0,'100','solution-31','solution','cpp');

/*Data for the table `shj_users` */

insert  into `shj_users`(`id`,`username`,`class`,`password`,`display_name`,`email`,`role`,`passchange_key`,`passchange_time`,`first_login_time`,`last_login_time`,`selected_assignment`,`dashboard_widget_positions`) values (1,'thiennh','','$2a$08$5yAHLrSy.2gd/nxdfOv/3.U5mSdJ6Bekpm98dTDad3XNrxGQuSvz2','','13520813@gmail.com','admin','',NULL,'2017-04-19 20:39:15','2017-06-20 13:56:49',1,''),(2,'user1','khmt2013','$2a$08$ncsGiQHfEoJ8X4oiGsZGEOGQ4aWrcnN0n5dkNiNJ31PdWEe3awQFK','user1','1234567@gm.uit.edu.vn','student','',NULL,'2017-04-26 15:22:03','2017-05-14 19:39:05',1,''),(11,'user2','','$2a$08$5.g6Z3ZulSB0A33E4FSOneCpnQTQ9jDw8ZlP1gGMN4RhtshOH7k8q','user2','123456@gm.uit.edu.vn','student','',NULL,'2017-05-06 12:05:24','2017-05-06 12:05:24',3,''),(12,'user3','','$2a$08$Me2U5Veskak7M2hk.LkZA.HR.zTA8azzqUeOgNBqH1.mz/6vtfNPS','user3','3@gm.uit.edu.vn','student','',NULL,NULL,NULL,0,''),(13,'user4','','$2a$08$hsUAhaZD1e7qmLbELnVorOLlHJlSFTmNhNzCW0LIv2bknWOvaxf.e','user4','4@gm.uit.edu.vn','student','',NULL,'2017-05-06 12:06:17','2017-05-06 12:06:17',3,''),(14,'user5','','$2a$08$OjnzmzKz.kpU6mC2PamZBu/Zb5Q9h9L6TYQHr8mDPDnY29w5fEts2','user5','5@gm.uit.edu.vn','student','',NULL,NULL,NULL,0,''),(15,'user6','','$2a$08$PjU1LHvK8/gKTMcZzdBWU.poKAlfgdmDSo/VeO4d8ZEqfB2O3G/Ca','user6','6@gm.uit.edu.vn','student','',NULL,NULL,NULL,0,''),(16,'user7','','$2a$08$Gqd5kdgMlljx3gq6Uh3IfeUlVGjl/VpKlpTn5iQvs1jwit7t3VWu.','user7','7@gm.uit.edu.vn','student','',NULL,NULL,NULL,0,''),(17,'user8','','$2a$08$rGHlsX/mCJzE.mOof482zuEKtIilmlL/xrT0XfbtKFYfHuwFXgi1W','user8','8@gm.uit.edu.vn','student','',NULL,NULL,NULL,0,''),(18,'user9','','$2a$08$krJGxFr6AH6drq.D4CCrX.FIfZSx4EIS.mMGlAX9/h8jASApl8aCi','user9','9@gm.uit.edu.vn','student','',NULL,NULL,NULL,0,''),(19,'user10','','$2a$08$E1N8Shrn0UU7MHQ03KP.N.vdgTNZRYjZaN4hKsQT8pOtLQWRyrUMe','user10','10@gm.uit.edu.vn','student','',NULL,NULL,NULL,0,''),(20,'user11','','$2a$08$aHJqWRdpwsHPQkx2C6lTcuHUw7SeJnPxTcTQQIxCd4w3sEDictbsO','user11','11@gm.uit.edu.vn','student','',NULL,NULL,NULL,0,'');

/*Data for the table `shj_xephang` */

insert  into `shj_xephang`(`user_id`,`diembaitap`,`diemthidau`,`tongdiem`) values (1,-25874,0,-25874),(2,492,0,492),(11,0,0,0),(12,0,0,0),(13,0,0,0),(14,0,0,0),(15,0,0,0),(16,0,0,0),(17,0,0,0),(18,0,0,0),(19,0,0,0),(20,0,0,0);

/*!40101 SET SQL_MODE=@OLD_SQL_MODE */;
/*!40014 SET FOREIGN_KEY_CHECKS=@OLD_FOREIGN_KEY_CHECKS */;
/*!40014 SET UNIQUE_CHECKS=@OLD_UNIQUE_CHECKS */;
/*!40111 SET SQL_NOTES=@OLD_SQL_NOTES */;
